SampleCode,CSF1PO,CSF1PO,D10S1248,D10S1248,D12S391,D12S391,D13S317,D13S317,D16S539,D16S539,D18S51,D18S51,D19S433,D19S433,D1S1656,D1S1656,D21S11,D21S11,D22S1045,D22S1045,D2S1338,D2S1338,D2S441,D2S441,D3S1358,D3S1358,D5S818,D5S818,D6S1043,D6S1043,D7S820,D7S820,D8S1179,D8S1179,F13A01,F13A01,F13B,F13B,FESFPS,FESFPS,FGA,FGA,LPL,LPL,Penta C,Penta C,Penta D,Penta D,Penta E,Penta E,SE33,SE33,TH01,TH01,TPOX,TPOX,vWA,vWA
9XYrMjuvtx,3,4,1,1,4,6,2,4,4,5,2,6,3,9,3,3,10,6,4,5,5,7,1,5,3,3,2,5,5,4,6,5,10,1,4,1,1,4,3,2,1,8,4,5,1,7,1,5,1,5,10,6,3,1,3,1,4,2
UopIis3Plq,3,3,4,4,10,8,4,7,2,5,3,6,2,9,5,5,4,1,3,3,10,2,3,3,3,3,5,2,9,3,1,5,2,5,3,3,2,4,4,2,5,8,5,1,1,1,6,5,15,11,13,16,5,2,4,1,4,4
yTEezkektv,6,4,2,1,6,9,3,3,2,5,18,5,4,1,3,5,7,8,2,5,7,5,3,1,4,3,2,3,10,7,5,1,3,1,1,3,3,4,1,2,7,4,4,5,7,1,9,3,11,13,13,9,5,2,3,1,5,3
WqmUtDjq6i,1,3,5,4,5,8,5,6,4,5,4,7,11,1,5,1,1,15,5,3,8,5,4,4,5,3,3,3,1,5,1,7,5,9,3,4,2,5,1,1,3,7,1,2,9,1,2,2,8,8,6,10,3,3,1,1,1,3
AY6vF8f5uT,2,4,1,7,8,5,3,6,5,3,3,2,3,1,1,3,6,7,4,3,2,4,5,3,3,2,5,3,6,5,6,2,2,3,3,5,1,2,4,1,6,1,1,1,1,5,8,1,5,14,14,8,3,3,1,4,6,4
0CGtRAspLI,2,4,1,2,18,10,2,3,5,2,5,6,1,1,4,10,1,5,3,3,2,4,4,2,5,7,3,3,1,4,2,5,2,4,4,4,3,4,3,2,1,8,1,1,5,3,5,2,1,2,3,3,3,3,4,4,1,1
gOZGkoXrYa,3,2,4,4,2,9,3,1,5,1,5,3,3,3,7,5,8,8,4,5,1,3,3,2,3,1,4,3,2,1,7,6,1,4,1,3,3,3,4,1,6,4,5,5,1,1,6,1,15,2,13,13,4,2,6,1,4,6
VJhMrW4XjT,3,1,2,5,1,6,1,7,5,6,2,11,4,5,10,10,4,5,3,3,5,7,4,3,5,3,1,3,1,1,7,6,4,2,3,8,5,1,2,1,8,2,4,5,5,1,2,5,2,14,23,5,4,5,1,6,2,5
aJVY7t1VvY,1,1,2,4,9,18,4,5,2,3,7,8,6,4,2,14,6,7,5,3,2,3,1,3,5,3,5,1,4,1,2,6,9,2,1,5,3,3,4,1,8,5,5,1,1,1,1,3,9,13,7,13,4,1,1,3,2,5
TQcvmsJe4R,1,4,4,4,2,6,7,4,3,6,6,8,1,2,3,1,2,2,5,5,9,11,3,5,2,4,3,1,2,4,1,5,1,2,1,3,2,1,4,1,3,1,1,4,1,4,2,5,7,1,4,41,2,5,1,1,1,6
y4ayXIwL86,3,1,4,3,5,5,1,7,3,6,8,5,4,3,5,7,5,5,5,1,2,1,4,1,2,3,2,2,4,1,4,5,5,1,3,1,2,4,2,4,7,1,4,4,5,10,6,5,9,8,35,23,3,1,4,3,5,1
CB1Pf3uaq8,1,3,1,1,1,7,1,3,5,2,2,6,11,4,2,12,7,6,3,2,7,9,3,1,3,2,2,4,4,4,1,7,1,2,1,5,2,2,4,2,5,8,2,1,2,1,1,1,10,13,6,14,3,3,1,1,4,4
S08Ezfg3dS,3,1,2,4,11,1,5,3,4,5,8,14,1,2,9,12,2,2,2,3,3,7,1,3,5,3,5,4,4,1,6,6,4,5,5,3,3,3,4,2,7,4,5,2,5,1,8,9,2,4,4,6,2,1,1,1,1,6
b5D3Yqs0tb,4,2,4,4,5,7,4,3,2,4,6,3,4,5,6,5,5,8,5,4,2,5,7,2,2,5,3,2,5,3,6,6,3,9,6,3,3,1,2,1,1,2,1,1,2,7,4,3,9,9,5,6,3,2,3,1,5,1
68dzd5uofG,4,4,4,3,9,5,6,4,5,3,1,6,9,3,2,10,8,6,3,3,4,9,1,3,3,4,2,5,13,10,5,1,2,2,1,5,5,2,2,4,6,7,4,2,3,3,3,2,7,3,23,16,3,4,1,2,4,2
rx7ZRKPFWD,4,1,1,6,5,4,7,2,4,6,2,5,11,4,5,5,3,1,1,2,1,1,3,4,5,5,5,2,4,9,6,5,4,1,4,3,2,3,4,1,1,7,2,1,1,4,2,1,4,7,4,7,1,1,1,1,4,1
PgGyv2uBpk,4,4,1,5,5,13,4,3,3,4,3,5,3,4,6,4,8,15,3,2,2,1,6,3,3,1,3,3,4,4,1,7,7,1,3,4,1,2,4,2,8,4,1,1,2,2,4,6,2,11,23,4,4,5,4,3,5,4
NIBXo9tyjF,4,1,1,4,5,8,6,4,3,4,2,4,1,3,10,1,5,7,3,2,8,8,4,1,3,3,3,1,10,1,5,9,2,4,1,5,4,3,4,5,7,4,2,6,2,5,5,4,9,4,16,22,1,3,3,1,1,1
tl3iv2cJc0,1,1,11,4,5,11,1,4,4,4,7,6,1,3,15,1,6,1,10,1,2,9,3,5,3,5,5,3,6,4,7,2,2,1,1,6,2,4,1,4,8,1,1,1,1,1,5,3,5,12,5,6,2,2,1,4,6,6
ESzlyHWN5O,1,4,3,1,5,5,3,4,5,5,2,5,4,4,1,1,18,10,6,2,1,5,4,2,3,3,2,3,2,3,6,7,2,2,3,5,4,2,4,2,8,2,4,5,7,2,6,9,13,1,19,14,4,2,1,3,4,1
